part_id,hh_id,part_age,part_gender,part_occupation
1856,BE101856,70,M,2
2251,BE102251,8,F,5
5294,BE105294,44,M,1
5966,BE105966,57,M,1
6286,BE106286,46,M,1
6927,BE106927,12,M,5
9930,BE109930,45,M,1
10419,BE1010419,55,F,1
10504,BE1010504,26,M,1
12958,BE1012958,42,F,6
19607,BE1019607,47,M,1
21748,BE1021748,53,M,1
22259,BE1022259,51,F,3
25946,BE1025946,25,F,1
27902,BE1027902,52,F,1
27905,BE1027905,14,F,5
29501,BE1029501,1,F,6
31741,BE1031741,34,F,1
32126,BE1032126,69,M,2
33118,BE1033118,71,M,2
36037,BE1036037,44,F,1
36421,BE1036421,52,F,1
38226,BE1038226,78,F,3
39743,BE1039743,87,M,2
40026,BE1040026,3,M,6
40027,BE1040027,3,F,5
40028,BE1040028,3,M,5
40029,BE1040029,3,F,5
40030,BE1040030,4,M,5
40032,BE1040032,5,M,5
40033,BE1040033,8,M,5
40034,BE1040034,80,M,2
40036,BE1040036,83,F,2
41931,BE1041931,7,M,5
42430,BE1042430,69,F,3
43226,BE1043226,65,M,2
43404,BE1043404,20,M,5
45114,BE1045114,84,F,2
46508,BE1046508,86,F,2
46568,BE1046568,60,M,1
46753,BE1046753,36,M,6
46755,BE1046755,45,M,6
48977,BE1048977,63,M,1
50042,BE1050042,5,M,5
50046,BE1050046,5,F,5
50047,BE1050047,4,M,5
50049,BE1050049,8,F,5
50050,BE1050050,0,F,6
54681,BE1054681,55,F,3
55197,BE1055197,50,F,1
55976,BE1055976,61,F,3
56016,BE1056016,52,M,1
59635,BE1059635,34,F,1
59730,BE1059730,29,F,1
60001,BE1060001,99,F,3
60002,BE1060002,95,M,2
60003,BE1060003,97,F,2
60004,BE1060004,91,F,2
60005,BE1060005,91,F,6
60006,BE1060006,88,F,3
60007,BE1060007,90,F,3
60008,BE1060008,90,F,2
60009,BE1060009,89,F,3
60011,BE1060011,93,F,2
60012,BE1060012,95,F,3
65989,BE1065989,47,F,3
72620,BE1072620,32,F,1
77167,BE1077167,46,F,3
78144,BE1078144,75,M,2
81043,BE1081043,54,M,1
81678,BE1081678,52,M,1
81991,BE1081991,22,M,5
84346,BE1084346,52,F,1
92192,BE1092192,51,F,4
93834,BE1093834,36,F,4
97902,BE1097902,66,F,2
101292,BE10101292,51,M,4
101499,BE10101499,38,F,1
101565,BE10101565,76,F,2
102388,BE10102388,33,F,1
104728,BE10104728,24,M,5
108387,BE10108387,17,M,5
108837,BE10108837,68,F,2
111403,BE10111403,75,F,2
113146,BE10113146,36,F,1
115983,BE10115983,42,F,4
118408,BE10118408,13,M,5
118535,BE10118535,45,M,1
120038,BE10120038,51,F,6
120152,BE10120152,51,F,1
120226,BE10120226,24,F,1
123951,BE10123951,19,F,5
124592,BE10124592,31,F,1
127249,BE10127249,54,F,1
127270,BE10127270,36,F,1
127299,BE10127299,44,F,1
129718,BE10129718,79,M,2
130779,BE10130779,77,M,2
132169,BE10132169,16,F,5
132701,BE10132701,69,F,2
133609,BE10133609,78,F,3
140370,BE10140370,53,F,1
143921,BE10143921,56,M,1
147268,BE10147268,40,F,1
147532,BE10147532,20,F,5
151212,BE10151212,32,F,1
154799,BE10154799,4,M,5
160773,BE10160773,42,F,1
163265,BE10163265,37,M,1
163924,BE10163924,49,F,1
170596,BE10170596,21,M,1
170729,BE10170729,48,F,1
170929,BE10170929,46,F,1
172249,BE10172249,65,M,2
174345,BE10174345,74,F,2
178287,BE10178287,6,M,5
181118,BE10181118,1,M,6
181882,BE10181882,41,F,1
184160,BE10184160,50,M,1
188189,BE10188189,49,M,1
188749,BE10188749,71,M,2
191529,BE10191529,51,F,1
192682,BE10192682,56,F,1
201795,BE10201795,16,M,5
205052,BE10205052,29,M,1
210174,BE10210174,9,M,5
213544,BE10213544,52,M,1
215665,BE10215665,69,M,1
216250,BE10216250,33,F,1
216622,BE10216622,38,F,1
217612,BE10217612,52,F,1
218307,BE10218307,4,M,5
218575,BE10218575,12,M,5
221582,BE10221582,71,M,2
222889,BE10222889,43,F,1
223825,BE10223825,24,F,1
225664,BE10225664,28,M,1
227760,BE10227760,25,M,1
231634,BE10231634,50,M,1
236095,BE10236095,55,M,1
237254,BE10237254,46,F,1
238070,BE10238070,27,M,1
239183,BE10239183,29,M,1
239374,BE10239374,3,F,5
241778,BE10241778,33,F,1
243369,BE10243369,78,M,2
244303,BE10244303,37,F,3
244706,BE10244706,57,F,3
249821,BE10249821,31,F,1
255010,BE10255010,49,F,1
256146,BE10256146,37,F,1
258605,BE10258605,69,M,2
262080,BE10262080,51,F,1
270985,BE10270985,31,M,6
274203,BE10274203,23,M,1
278685,BE10278685,25,F,1
279254,BE10279254,18,M,5
280492,BE10280492,45,F,1
282627,BE10282627,52,M,1
285321,BE10285321,48,F,1
287388,BE10287388,1,M,3
291891,BE10291891,88,M,1
293498,BE10293498,81,F,2
295573,BE10295573,27,F,1
296341,BE10296341,50,F,1
299253,BE10299253,44,F,3
301380,BE10301380,11,F,5
301390,BE10301390,16,F,5
301545,BE10301545,54,M,1
302280,BE10302280,50,F,1
302511,BE10302511,81,F,3
310248,BE10310248,41,M,1
320422,BE10320422,35,M,1
321110,BE10321110,37,F,1
321267,BE10321267,26,F,1
327374,BE10327374,45,M,1
328869,BE10328869,48,M,1
332397,BE10332397,73,M,2
333698,BE10333698,55,M,1
333803,BE10333803,24,F,1
334010,BE10334010,0,M,3
343842,BE10343842,7,F,5
348080,BE10348080,45,M,1
350282,BE10350282,72,F,3
351232,BE10351232,6,F,5
352221,BE10352221,32,M,1
354251,BE10354251,30,M,1
356060,BE10356060,0,F,6
357065,BE10357065,32,M,1
358257,BE10358257,32,F,1
358496,BE10358496,30,M,1
358599,BE10358599,50,F,1
359305,BE10359305,76,F,3
359677,BE10359677,86,M,2
364557,BE10364557,39,F,1
370614,BE10370614,52,F,6
374335,BE10374335,20,M,5
375326,BE10375326,26,F,1
379514,BE10379514,56,M,6
384555,BE10384555,32,M,1
384769,BE10384769,40,F,1
386213,BE10386213,28,M,1
386919,BE10386919,41,F,1
387316,BE10387316,10,F,5
390853,BE10390853,44,F,1
390885,BE10390885,74,M,2
395326,BE10395326,35,F,1
398508,BE10398508,13,M,5
400839,BE10400839,63,F,3
401108,BE10401108,54,M,1
403196,BE10403196,6,M,5
413191,BE10413191,74,M,2
423858,BE10423858,34,F,1
426803,BE10426803,71,M,2
427469,BE10427469,17,M,5
429622,BE10429622,35,F,1
433959,BE10433959,70,F,2
434554,BE10434554,7,M,5
437552,BE10437552,0,M,3
440307,BE10440307,17,M,5
440673,BE10440673,25,F,1
444168,BE10444168,60,F,1
445518,BE10445518,33,F,1
447699,BE10447699,27,M,1
450487,BE10450487,42,F,1
452932,BE10452932,56,F,3
459120,BE10459120,64,F,3
461022,BE10461022,3,F,5
462393,BE10462393,30,F,1
475876,BE10475876,80,M,2
479362,BE10479362,31,M,1
483004,BE10483004,56,F,4
483452,BE10483452,19,F,5
484521,BE10484521,18,M,5
485163,BE10485163,1,F,3
487913,BE10487913,52,M,1
493829,BE10493829,10,M,5
494521,BE10494521,71,F,2
496477,BE10496477,29,F,1
498382,BE10498382,32,F,1
498428,BE10498428,25,F,1
499299,BE10499299,74,F,3
502804,BE10502804,74,M,2
505287,BE10505287,3,M,5
510954,BE10510954,38,F,1
512085,BE10512085,14,F,5
519786,BE10519786,49,M,1
519853,BE10519853,26,M,1
526803,BE10526803,21,F,5
527040,BE10527040,52,M,1
527208,BE10527208,35,F,1
527263,BE10527263,67,F,2
531555,BE10531555,48,M,6
533030,BE10533030,9,M,5
534460,BE10534460,57,F,4
534636,BE10534636,20,F,5
537177,BE10537177,52,M,2
545163,BE10545163,3,F,5
545368,BE10545368,67,F,2
545556,BE10545556,5,M,5
546107,BE10546107,51,F,1
546929,BE10546929,47,F,1
547516,BE10547516,20,M,1
548628,BE10548628,0,M,6
551273,BE10551273,33,F,1
553002,BE10553002,41,F,1
553393,BE10553393,7,F,5
556142,BE10556142,16,F,5
556706,BE10556706,19,M,4
561144,BE10561144,50,M,1
566160,BE10566160,53,F,3
566343,BE10566343,13,F,5
566367,BE10566367,15,M,5
571109,BE10571109,45,F,1
571324,BE10571324,30,M,1
572734,BE10572734,4,F,5
576031,BE10576031,8,M,5
576680,BE10576680,27,F,1
581550,BE10581550,68,M,2
583315,BE10583315,44,M,1
584049,BE10584049,27,F,1
584918,BE10584918,53,M,1
592766,BE10592766,32,F,1
593600,BE10593600,39,M,1
594259,BE10594259,62,M,2
597056,BE10597056,6,M,5
598711,BE10598711,47,M,1
603778,BE10603778,44,M,1
604026,BE10604026,48,M,1
604197,BE10604197,74,F,2
606424,BE10606424,73,F,2
611896,BE10611896,5,M,5
616530,BE10616530,60,M,2
617467,BE10617467,46,F,1
617545,BE10617545,39,F,3
621307,BE10621307,34,M,1
621662,BE10621662,22,F,5
624215,BE10624215,80,F,3
625175,BE10625175,45,F,6
625820,BE10625820,41,F,1
628628,BE10628628,25,M,1
628763,BE10628763,2,M,6
629762,BE10629762,34,F,1
633492,BE10633492,54,M,1
636625,BE10636625,4,M,5
637994,BE10637994,84,F,3
642349,BE10642349,56,F,3
645379,BE10645379,57,F,1
645787,BE10645787,17,M,5
649428,BE10649428,72,M,2
649802,BE10649802,48,M,1
651226,BE10651226,8,M,5
652965,BE10652965,0,M,3
659083,BE10659083,33,M,1
662605,BE10662605,43,F,1
662679,BE10662679,42,F,1
663437,BE10663437,51,M,1
664572,BE10664572,30,F,1
665108,BE10665108,52,F,1
665471,BE10665471,30,F,1
675532,BE10675532,58,M,1
677245,BE10677245,0,M,6
683568,BE10683568,48,M,1
683661,BE10683661,66,F,2
683960,BE10683960,47,F,1
684191,BE10684191,65,F,3
687187,BE10687187,62,F,3
688896,BE10688896,4,F,5
690022,BE10690022,40,M,1
690218,BE10690218,45,M,6
691231,BE10691231,23,M,1
694847,BE10694847,52,M,1
697572,BE10697572,77,M,2
699139,BE10699139,2,F,6
699832,BE10699832,36,M,1
705053,BE10705053,29,M,1
706453,BE10706453,37,F,1
712628,BE10712628,54,F,4
713613,BE10713613,35,M,1
716531,BE10716531,28,M,1
717301,BE10717301,53,F,1
717368,BE10717368,54,F,1
718005,BE10718005,28,M,1
720636,BE10720636,22,M,1
721660,BE10721660,5,M,5
728399,BE10728399,79,F,3
729271,BE10729271,23,F,1
730678,BE10730678,44,F,1
731030,BE10731030,1,M,6
731543,BE10731543,4,M,5
731775,BE10731775,51,M,1
735293,BE10735293,31,F,1
737602,BE10737602,20,F,5
739384,BE10739384,43,M,1
739663,BE10739663,46,F,1
740381,BE10740381,73,M,2
746979,BE10746979,78,M,2
747173,BE10747173,6,M,5
748866,BE10748866,41,F,1
749014,BE10749014,13,M,5
751429,BE10751429,28,M,1
754840,BE10754840,12,M,5
755264,BE10755264,13,M,5
756792,BE10756792,11,F,5
759592,BE10759592,40,F,1
760289,BE10760289,24,M,5
764060,BE10764060,18,M,5
766042,BE10766042,22,F,5
767949,BE10767949,47,F,1
771592,BE10771592,21,M,5
772138,BE10772138,59,F,3
774736,BE10774736,42,F,1
775087,BE10775087,9,M,5
781682,BE10781682,32,F,1
787147,BE10787147,34,F,1
787539,BE10787539,62,F,3
790064,BE10790064,20,M,5
791137,BE10791137,9,F,5
792729,BE10792729,44,F,1
793721,BE10793721,35,F,1
797468,BE10797468,3,F,5
797667,BE10797667,36,M,1
798806,BE10798806,43,F,6
798895,BE10798895,42,F,1
799900,BE10799900,8,M,5
801970,BE10801970,45,F,1
802686,BE10802686,47,F,1
802823,BE10802823,39,F,4
802832,BE10802832,50,M,1
813637,BE10813637,51,F,1
814881,BE10814881,11,F,5
826660,BE10826660,7,M,5
831234,BE10831234,8,F,5
831518,BE10831518,12,F,5
832009,BE10832009,39,F,1
834865,BE10834865,29,F,1
837008,BE10837008,3,F,5
837912,BE10837912,44,F,1
841628,BE10841628,52,F,1
844285,BE10844285,0,M,3
844699,BE10844699,19,F,5
845019,BE10845019,49,M,1
845035,BE10845035,77,F,3
850275,BE10850275,33,M,1
851575,BE10851575,45,F,1
853727,BE10853727,45,F,1
853919,BE10853919,35,M,1
854253,BE10854253,15,M,5
856642,BE10856642,71,F,2
859753,BE10859753,52,M,1
862923,BE10862923,27,F,1
866483,BE10866483,28,M,1
866536,BE10866536,68,M,2
868501,BE10868501,11,M,5
869204,BE10869204,38,M,1
869675,BE10869675,24,F,1
871264,BE10871264,76,M,2
874422,BE10874422,55,M,1
876164,BE10876164,27,F,5
878600,BE10878600,51,F,3
878809,BE10878809,58,F,2
879982,BE10879982,17,M,5
881301,BE10881301,14,F,5
883085,BE10883085,42,F,1
883511,BE10883511,78,M,2
884944,BE10884944,47,F,1
885323,BE10885323,50,F,3
886395,BE10886395,61,F,3
892394,BE10892394,54,F,3
892572,BE10892572,36,F,1
895396,BE10895396,39,F,1
898358,BE10898358,44,F,1
899590,BE10899590,1,M,3
901352,BE10901352,45,M,1
901586,BE10901586,19,M,1
902398,BE10902398,51,M,4
902660,BE10902660,27,M,1
905077,BE10905077,52,F,1
906618,BE10906618,76,M,2
907565,BE10907565,52,F,1
909993,BE10909993,78,F,6
910862,BE10910862,10,M,5
913997,BE10913997,3,M,5
915270,BE10915270,26,F,1
921579,BE10921579,50,F,1
926690,BE10926690,66,F,3
930186,BE10930186,64,F,2
930187,BE10930187,2,M,6
930308,BE10930308,46,M,1
930356,BE10930356,48,F,1
930901,BE10930901,68,F,2
930964,BE10930964,7,F,5
931504,BE10931504,68,F,2
936337,BE10936337,52,F,1
938549,BE10938549,52,F,1
944692,BE10944692,4,F,5
944749,BE10944749,53,F,1
944990,BE10944990,51,F,1
945296,BE10945296,35,F,1
945501,BE10945501,51,M,1
946711,BE10946711,63,F,2
952348,BE10952348,60,F,2
953000,BE10953000,11,M,5
959305,BE10959305,52,F,1
962023,BE10962023,49,M,1
964077,BE10964077,18,F,5
964389,BE10964389,43,F,5
967582,BE10967582,54,F,1
968599,BE10968599,14,M,5
969754,BE10969754,3,M,5
972028,BE10972028,14,F,5
975577,BE10975577,64,M,2
979882,BE10979882,1,M,6
980672,BE10980672,18,F,5
981565,BE10981565,12,F,5
981597,BE10981597,44,F,1
983741,BE10983741,48,F,1
985649,BE10985649,18,F,5
988228,BE10988228,1,F,6
990252,BE10990252,66,M,2
990294,BE10990294,32,M,1
990329,BE10990329,78,M,2
990337,BE10990337,18,M,5
992362,BE10992362,36,M,1
996719,BE10996719,46,M,1
1000843,BE101000843,53,M,6
1003610,BE101003610,56,F,2
1005126,BE101005126,40,M,1
1005762,BE101005762,26,F,1
1005905,BE101005905,14,M,5
1011828,BE101011828,82,M,2
1016821,BE101016821,59,F,4
1017095,BE101017095,2,F,3
1019095,BE101019095,83,F,3
1019574,BE101019574,48,F,1
1026157,BE101026157,52,M,2
1027212,BE101027212,73,F,3
1028025,BE101028025,19,M,5
1029936,BE101029936,76,F,2
1030663,BE101030663,51,F,1
1037871,BE101037871,37,M,1
1041723,BE101041723,28,M,1
1043071,BE101043071,49,F,1
1051948,BE101051948,8,F,5
1053693,BE101053693,13,M,5
1054233,BE101054233,21,M,5
1057283,BE101057283,41,M,1
1057506,BE101057506,38,M,1
1060168,BE101060168,52,F,4
1064981,BE101064981,24,F,4
1067418,BE101067418,9,F,5
1068095,BE101068095,71,F,3
1068149,BE101068149,76,F,2
1068877,BE101068877,79,F,2
1072212,BE101072212,41,F,1
1072456,BE101072456,49,F,1
1075546,BE101075546,12,F,5
1076443,BE101076443,73,M,2
1081630,BE101081630,3,M,5
1084847,BE101084847,42,F,1
1085840,BE101085840,14,F,5
1086599,BE101086599,38,F,1
1088788,BE101088788,73,M,2
1090305,BE101090305,28,M,1
1091460,BE101091460,62,F,2
1096591,BE101096591,68,F,3
1104249,BE101104249,0,M,3
1105569,BE101105569,27,M,1
1107712,BE101107712,29,F,1
1113927,BE101113927,55,F,1
1114184,BE101114184,20,M,1
1114887,BE101114887,35,F,1
1115018,BE101115018,54,F,1
1117070,BE101117070,69,F,2
1123048,BE101123048,6,M,5
1126974,BE101126974,5,F,5
1128879,BE101128879,27,F,1
1129094,BE101129094,6,F,5
1136587,BE101136587,45,F,1
1138872,BE101138872,37,F,1
1139114,BE101139114,5,M,5
1139663,BE101139663,35,F,1
1142837,BE101142837,6,M,5
1142887,BE101142887,54,M,1
1143659,BE101143659,27,F,1
1143801,BE101143801,41,M,1
1144615,BE101144615,26,M,1
1149676,BE101149676,8,M,5
1152737,BE101152737,59,M,2
1154720,BE101154720,15,M,5
1158201,BE101158201,44,M,1
1158611,BE101158611,68,F,2
1159748,BE101159748,32,M,1
1161155,BE101161155,49,M,1
1161194,BE101161194,38,F,1
1163713,BE101163713,21,M,5
1164032,BE101164032,22,M,5
1164069,BE101164069,50,M,1
1164567,BE101164567,54,F,2
1167219,BE101167219,87,F,2
1168759,BE101168759,35,F,1
1169919,BE101169919,41,F,1
1174403,BE101174403,33,F,1
1179706,BE101179706,30,M,1
1186038,BE101186038,22,F,5
1186234,BE101186234,50,F,1
1189640,BE101189640,12,F,5
1190016,BE101190016,2,M,5
1191518,BE101191518,51,F,1
1192108,BE101192108,59,M,4
1196216,BE101196216,62,M,2
1196611,BE101196611,54,F,2
1203886,BE101203886,30,M,1
1204174,BE101204174,42,F,1
1207442,BE101207442,33,F,1
1207547,BE101207547,43,F,1
1208537,BE101208537,7,M,5
1215498,BE101215498,39,M,6
1218302,BE101218302,52,F,1
1219128,BE101219128,10,M,5
1220261,BE101220261,41,F,1
1221734,BE101221734,51,F,1
1221862,BE101221862,36,F,1
1230767,BE101230767,52,M,1
1230823,BE101230823,38,M,4
1231269,BE101231269,2,M,3
1234370,BE101234370,8,M,5
1237639,BE101237639,27,M,1
1240798,BE101240798,50,F,4
1242890,BE101242890,0,M,3
1245737,BE101245737,36,M,1
1245844,BE101245844,2,M,5
1249311,BE101249311,50,F,1
1250302,BE101250302,44,F,1
1250694,BE101250694,72,M,2
1256412,BE101256412,60,M,2
1257498,BE101257498,27,F,1
1260167,BE101260167,46,F,1
1262512,BE101262512,26,M,1
1264568,BE101264568,9,F,5
1266981,BE101266981,55,M,1
1268013,BE101268013,48,F,1
1273277,BE101273277,35,F,5
1273449,BE101273449,85,F,2
1273685,BE101273685,39,M,1
1280349,BE101280349,16,F,5
1280774,BE101280774,36,F,1
1281859,BE101281859,7,F,5
1281955,BE101281955,39,F,1
1285390,BE101285390,39,F,1
1288568,BE101288568,51,F,1
1289390,BE101289390,66,F,3
1289728,BE101289728,58,M,1
1289836,BE101289836,48,M,1
1290552,BE101290552,61,M,1
1293783,BE101293783,38,M,1
1294183,BE101294183,8,F,5
1295545,BE101295545,20,M,5
1296975,BE101296975,36,F,1
1299019,BE101299019,12,M,5
1306089,BE101306089,72,M,2
1310075,BE101310075,58,F,1
1310696,BE101310696,47,F,1
1325029,BE101325029,37,M,1
1336510,BE101336510,84,F,3
1340820,BE101340820,31,F,1
1342863,BE101342863,84,F,3
1346824,BE101346824,47,M,1
1346909,BE101346909,44,F,1
1348959,BE101348959,20,M,5
1352674,BE101352674,19,M,1
1352968,BE101352968,40,F,1
1354524,BE101354524,31,F,1
1357391,BE101357391,47,M,1
1358280,BE101358280,26,F,1
1361510,BE101361510,45,M,1
1370065,BE101370065,40,M,1
1372432,BE101372432,34,F,1
1375124,BE101375124,40,F,1
1378696,BE101378696,17,F,5
1378993,BE101378993,49,F,1
1379123,BE101379123,53,M,1
1382751,BE101382751,8,F,5
1384393,BE101384393,67,F,3
1385400,BE101385400,8,M,5
1391789,BE101391789,18,F,5
1393380,BE101393380,64,F,3
1397854,BE101397854,65,M,2
1397948,BE101397948,25,M,4
1398226,BE101398226,2,F,6
1398299,BE101398299,34,F,1
1403246,BE101403246,2,M,5
1403382,BE101403382,90,M,2
1404809,BE101404809,4,M,5
1407117,BE101407117,29,M,1
1409165,BE101409165,61,M,1
1409385,BE101409385,3,F,5
1411279,BE101411279,12,M,5
1420558,BE101420558,9,M,5
1422353,BE101422353,71,F,2
1425561,BE101425561,8,M,5
1428182,BE101428182,65,F,2
1428300,BE101428300,42,M,1
1429667,BE101429667,64,M,2
1429847,BE101429847,29,F,1
1436300,BE101436300,44,F,1
1436931,BE101436931,49,M,1
1451224,BE101451224,34,M,1
1452695,BE101452695,0,M,3
1453162,BE101453162,49,F,4
1455031,BE101455031,44,F,1
1459913,BE101459913,0,F,6
1461819,BE101461819,45,M,1
1472986,BE101472986,17,F,5
1473067,BE101473067,40,F,1
1473125,BE101473125,10,M,5
1475520,BE101475520,53,F,1
1476145,BE101476145,28,M,1
1478840,BE101478840,38,F,1
1481870,BE101481870,10,F,5
1482261,BE101482261,54,M,1
1489215,BE101489215,15,F,5
1491454,BE101491454,49,F,1
1494532,BE101494532,41,F,4
1495481,BE101495481,19,M,5
1496421,BE101496421,92,M,2
1500946,BE101500946,5,M,6
1504206,BE101504206,6,F,5
1504650,BE101504650,49,F,1
1505530,BE101505530,3,F,5
1509942,BE101509942,38,F,4
1510259,BE101510259,17,M,5
1523563,BE101523563,46,F,1
1523808,BE101523808,0,M,6
1524177,BE101524177,42,M,1
1530368,BE101530368,51,F,4
1532781,BE101532781,73,M,2
1541431,BE101541431,11,F,5
1549459,BE101549459,39,M,1
1554236,BE101554236,0,M,6
1558381,BE101558381,1,M,3
1558614,BE101558614,23,F,1
1559561,BE101559561,6,F,5
1576626,BE101576626,15,M,5
1576712,BE101576712,15,F,5
1578453,BE101578453,11,M,5
1579597,BE101579597,7,F,5
1584740,BE101584740,30,F,1
1586919,BE101586919,9,M,5
1588703,BE101588703,54,M,3
1590034,BE101590034,49,M,1
1590470,BE101590470,71,F,3
1590819,BE101590819,7,M,5
1591007,BE101591007,46,M,1
1595935,BE101595935,30,M,1
1598270,BE101598270,0,F,6
1599519,BE101599519,28,F,1
1600998,BE101600998,43,M,1
1605343,BE101605343,42,F,1
1606352,BE101606352,24,F,5
1608191,BE101608191,61,M,2
1609278,BE101609278,64,M,6
1611006,BE101611006,46,F,1
1612529,BE101612529,31,F,1
1612821,BE101612821,70,F,2
1613849,BE101613849,51,F,1
1621562,BE101621562,43,F,1
1621788,BE101621788,35,F,1
1623954,BE101623954,28,M,1
1627099,BE101627099,49,F,1
1630521,BE101630521,32,M,1
1630675,BE101630675,47,F,1
1630704,BE101630704,28,M,1
1631056,BE101631056,41,M,1
1647083,BE101647083,50,F,1
1649738,BE101649738,26,M,1
1653677,BE101653677,16,M,5
1654038,BE101654038,47,F,1
1659158,BE101659158,70,F,3
1659735,BE101659735,34,F,1
1661851,BE101661851,49,M,1
1672154,BE101672154,58,F,3
1673852,BE101673852,0,F,6
1674715,BE101674715,43,F,6
1674957,BE101674957,26,F,1
1680353,BE101680353,63,M,2
1681269,BE101681269,26,M,1
1681278,BE101681278,44,M,1
1690648,BE101690648,8,F,5
1692420,BE101692420,51,F,1
1692552,BE101692552,51,M,1
1692657,BE101692657,65,F,4
1693429,BE101693429,24,F,1
1693807,BE101693807,41,M,1
1695775,BE101695775,53,F,1
1696768,BE101696768,77,M,2
1698777,BE101698777,37,F,1
1709030,BE101709030,53,F,1
1722766,BE101722766,0,F,6
1723856,BE101723856,2,M,5
1725215,BE101725215,49,F,1
1725978,BE101725978,2,F,5
1726426,BE101726426,46,M,1
1730744,BE101730744,31,F,4
1742042,BE101742042,34,M,1
1752099,BE101752099,49,M,1
1756238,BE101756238,39,F,1
1760053,BE101760053,33,F,1
1764272,BE101764272,62,M,2
1772799,BE101772799,0,M,6
1773458,BE101773458,3,F,5
1782073,BE101782073,37,M,1
1782328,BE101782328,25,F,1
1783909,BE101783909,46,M,1
1792042,BE101792042,1,M,6
1792225,BE101792225,36,M,1
1792280,BE101792280,21,M,5
1800887,BE101800887,47,F,1
1802415,BE101802415,33,M,4
1806241,BE101806241,34,M,1
1812729,BE101812729,64,M,2
1816406,BE101816406,35,F,1
1831685,BE101831685,47,F,1
1831686,BE101831686,7,M,5
1845479,BE101845479,84,M,2
1847859,BE101847859,35,M,1
1852219,BE101852219,23,M,5
1853372,BE101853372,53,F,1
1853417,BE101853417,77,F,3
1855251,BE101855251,30,M,1
1855531,BE101855531,73,F,3
1855719,BE101855719,23,M,5
1857424,BE101857424,42,F,3
1870264,BE101870264,33,F,1
1872396,BE101872396,36,F,1
1873453,BE101873453,29,M,1
1875588,BE101875588,7,F,5
1879039,BE101879039,1,F,6
1883604,BE101883604,40,F,1
1884589,BE101884589,33,F,1
1884850,BE101884850,14,F,5
1884960,BE101884960,48,F,1
1885217,BE101885217,42,M,1
1885830,BE101885830,63,M,2
1897845,BE101897845,16,M,5
1898184,BE101898184,41,F,1
1898958,BE101898958,68,F,3
1903720,BE101903720,0,F,6
1905662,BE101905662,35,F,1
1907281,BE101907281,42,F,1
1910577,BE101910577,41,F,1
1912031,BE101912031,87,M,2
1912923,BE101912923,18,F,5
1913741,BE101913741,78,F,3
1917048,BE101917048,3,F,5
1918747,BE101918747,30,F,1
1920918,BE101920918,43,F,1
1926226,BE101926226,1,M,6
1934483,BE101934483,7,F,5
1934666,BE101934666,46,F,1
1942939,BE101942939,5,M,5
1944122,BE101944122,27,M,1
1956565,BE101956565,5,M,5
1956865,BE101956865,85,M,3
1963183,BE101963183,64,F,2
1963806,BE101963806,84,M,2
1968886,BE101968886,47,M,1
1969308,BE101969308,2,M,6
1969565,BE101969565,1,M,6
1971182,BE101971182,7,F,5
1984762,BE101984762,11,M,5
1995289,BE101995289,20,F,5
1998644,BE101998644,41,F,3
2000279,BE102000279,13,F,5
2013264,BE102013264,39,F,3
2015361,BE102015361,37,M,1
2017841,BE102017841,43,M,1
2023250,BE102023250,74,M,2
2023267,BE102023267,31,M,1
2024100,BE102024100,51,M,1
2025318,BE102025318,38,F,1
2029873,BE102029873,54,F,1
2034097,BE102034097,40,F,1
2034768,BE102034768,40,F,4
2035239,BE102035239,6,M,5
2038087,BE102038087,58,M,6
2053694,BE102053694,2,M,6
2079701,BE102079701,3,M,5
2083865,BE102083865,0,M,3
2090081,BE102090081,16,M,5
2090355,BE102090355,54,F,3
2097163,BE102097163,25,M,4
2098284,BE102098284,0,F,6
2109257,BE102109257,28,F,6
2112961,BE102112961,30,M,1
2122475,BE102122475,27,M,1
2126389,BE102126389,5,M,5
2130421,BE102130421,10,M,5
2141029,BE102141029,83,M,2
2145953,BE102145953,64,M,2
2146450,BE102146450,34,M,1
2148092,BE102148092,62,M,2
2148224,BE102148224,67,M,2
2156217,BE102156217,81,M,2
2157328,BE102157328,36,F,1
2158527,BE102158527,43,M,1
2159002,BE102159002,43,F,1
2159165,BE102159165,26,F,1
2161229,BE102161229,27,M,6
2161921,BE102161921,7,F,5
2166193,BE102166193,39,F,6
2167690,BE102167690,38,F,1
2173304,BE102173304,1,F,6
2173609,BE102173609,35,M,1
2194071,BE102194071,6,F,5
2194402,BE102194402,0,M,6
2194970,BE102194970,1,F,6
2198621,BE102198621,3,M,5
2204434,BE102204434,8,F,5
2207682,BE102207682,24,M,1
2212889,BE102212889,72,F,3
2213163,BE102213163,23,M,1
2215213,BE102215213,66,F,1
2216393,BE102216393,83,M,2
2231203,BE102231203,35,M,1
2235426,BE102235426,23,M,1
2243534,BE102243534,25,F,1
2254465,BE102254465,60,M,2
2254570,BE102254570,18,F,5
2254629,BE102254629,4,M,5
2255082,BE102255082,56,F,1
2255249,BE102255249,7,M,5
2256184,BE102256184,26,F,1
2261418,BE102261418,26,F,1
2280661,BE102280661,45,M,1
2302570,BE102302570,33,M,1
2302954,BE102302954,75,F,2
2311137,BE102311137,31,F,1
2324845,BE102324845,23,F,1
2325643,BE102325643,46,F,1
2326885,BE102326885,69,F,2
2327768,BE102327768,1,F,6
2329893,BE102329893,0,F,5
2331796,BE102331796,2,F,6
2339109,BE102339109,9,F,5
2345233,BE102345233,71,F,2
2345241,BE102345241,40,F,1
2347121,BE102347121,53,M,1
2349737,BE102349737,46,F,1
2352535,BE102352535,37,F,1
2353447,BE102353447,30,M,1
2356378,BE102356378,49,M,1
2357646,BE102357646,26,M,4
2362593,BE102362593,3,M,5
2383026,BE102383026,38,F,1
2383406,BE102383406,27,M,1
2392348,BE102392348,51,F,1
2392886,BE102392886,28,F,1
2398359,BE102398359,31,F,1
2403223,BE102403223,9,F,5
2422923,BE102422923,8,F,5
2435901,BE102435901,9,F,5
2442978,BE102442978,25,F,1
2448928,BE102448928,27,M,1
2452963,BE102452963,44,M,1
2473323,BE102473323,17,M,4
2482913,BE102482913,44,F,1
2485951,BE102485951,38,F,1
2489802,BE102489802,25,F,1
2496352,BE102496352,40,M,1
2496631,BE102496631,64,F,3
2501732,BE102501732,4,M,5
2505741,BE102505741,37,F,1
2511699,BE102511699,0,M,3
2516851,BE102516851,5,M,5
2528049,BE102528049,34,M,1
2528346,BE102528346,25,M,4
2533469,BE102533469,31,M,1
2541959,BE102541959,30,M,1
2545230,BE102545230,6,M,5
2546079,BE102546079,41,M,1
2553198,BE102553198,25,M,1
2556108,BE102556108,48,M,1
2585315,BE102585315,4,F,5
2589048,BE102589048,1,M,6
2591605,BE102591605,43,F,1
2591733,BE102591733,37,M,1
2598797,BE102598797,48,F,1
2601374,BE102601374,39,M,1
2603127,BE102603127,63,M,1
2605968,BE102605968,61,F,1
2607214,BE102607214,3,M,5
2613423,BE102613423,37,F,1
2613518,BE102613518,68,F,3
2613661,BE102613661,64,M,1
2621453,BE102621453,18,F,5
2626384,BE102626384,53,M,1
2626551,BE102626551,70,F,3
2627768,BE102627768,41,M,1
2631063,BE102631063,42,F,1
2636496,BE102636496,65,F,2
2638432,BE102638432,30,M,1
2645271,BE102645271,76,F,3
2647640,BE102647640,59,M,6
2651459,BE102651459,5,F,5
2656084,BE102656084,69,M,2
2661109,BE102661109,57,M,1
2672187,BE102672187,40,F,1
2672467,BE102672467,6,F,5
2673573,BE102673573,11,M,5
2675315,BE102675315,80,F,2
2676206,BE102676206,67,F,3
2678767,BE102678767,61,M,2
2678931,BE102678931,61,F,2
2681720,BE102681720,53,F,1
2686104,BE102686104,72,F,1
2686343,BE102686343,67,M,2
2691672,BE102691672,42,F,1
2691920,BE102691920,70,F,2
2692321,BE102692321,14,M,5
2692840,BE102692840,57,F,1
2697780,BE102697780,52,M,6
2701654,BE102701654,85,M,2
2712498,BE102712498,74,M,1
2713330,BE102713330,65,M,2
2714119,BE102714119,12,F,5
2715793,BE102715793,65,M,2
2723580,BE102723580,54,M,1
2723674,BE102723674,12,M,5
2724060,BE102724060,75,M,2
2724293,BE102724293,45,M,1
2729287,BE102729287,35,F,1
2736727,BE102736727,40,M,1
2736739,BE102736739,31,M,1
2740099,BE102740099,30,F,1
2747591,BE102747591,7,M,5
2748362,BE102748362,64,M,2
2751127,BE102751127,74,M,2
2756729,BE102756729,79,F,2
2757722,BE102757722,29,F,1
2759044,BE102759044,19,M,5
2759099,BE102759099,87,M,2
2759539,BE102759539,22,F,1
2759712,BE102759712,2,M,6
2763650,BE102763650,75,M,2
2763672,BE102763672,75,F,2
2766265,BE102766265,13,M,5
2783682,BE102783682,41,M,1
2789698,BE102789698,65,F,3
2790360,BE102790360,36,F,1
2792458,BE102792458,70,F,3
2793199,BE102793199,34,M,1
2795082,BE102795082,6,F,5
2803622,BE102803622,73,F,2
2803803,BE102803803,85,F,3
2806325,BE102806325,61,M,1
2807433,BE102807433,15,F,5
2811754,BE102811754,54,F,1
2813396,BE102813396,29,M,1
2814886,BE102814886,51,F,4
2815216,BE102815216,56,F,1
2820105,BE102820105,52,F,3
2822648,BE102822648,31,F,1
2822879,BE102822879,42,F,1
2828287,BE102828287,61,M,1
2828289,BE102828289,48,F,1
2831477,BE102831477,43,F,1
2838088,BE102838088,59,M,1
2839538,BE102839538,71,M,2
2846027,BE102846027,74,F,2
2849488,BE102849488,86,M,2
2850711,BE102850711,17,F,5
2850744,BE102850744,56,M,1
2853154,BE102853154,75,M,2
2854574,BE102854574,62,F,3
2854577,BE102854577,9,F,5
2859073,BE102859073,46,F,1
2859602,BE102859602,8,F,5
2862381,BE102862381,54,F,2
2862666,BE102862666,46,F,1
2863098,BE102863098,79,M,2
2863317,BE102863317,72,M,2
2863402,BE102863402,51,F,1
2869092,BE102869092,65,F,3
2869751,BE102869751,86,M,1
2869977,BE102869977,62,F,3
2872531,BE102872531,51,F,1
2873291,BE102873291,46,M,1
2873818,BE102873818,70,F,3
2874154,BE102874154,55,F,1
2874238,BE102874238,60,F,2
2874275,BE102874275,65,F,2
2875299,BE102875299,10,M,5
2885647,BE102885647,28,F,1
2895951,BE102895951,69,F,2
2900193,BE102900193,4,M,5
2901209,BE102901209,58,F,1
2901622,BE102901622,88,M,2
2905592,BE102905592,39,F,1
2923174,BE102923174,25,M,1
2926408,BE102926408,8,F,5
2935186,BE102935186,2,F,3
2942079,BE102942079,52,F,1
2942861,BE102942861,38,M,1
2943593,BE102943593,5,F,5
2947350,BE102947350,41,M,1
2969313,BE102969313,9,F,5
2969409,BE102969409,28,M,1
2972217,BE102972217,52,F,3
2972721,BE102972721,89,F,2
2972727,BE102972727,46,F,1
2972831,BE102972831,29,M,1
2973496,BE102973496,75,F,2
2973613,BE102973613,52,M,1
2990269,BE102990269,40,M,1
2990782,BE102990782,79,F,3
2991037,BE102991037,46,F,1
2991813,BE102991813,60,M,1
2992377,BE102992377,69,F,2
2999216,BE102999216,34,F,1
3010930,BE103010930,26,M,1
3027330,BE103027330,35,M,1
3033245,BE103033245,8,M,5
3047228,BE103047228,28,M,1
3062775,BE103062775,44,M,1
3063599,BE103063599,8,M,5
3070672,BE103070672,6,F,5
3085638,BE103085638,84,F,2
3127647,BE103127647,20,M,1
3127992,BE103127992,7,M,5
3128574,BE103128574,31,F,1
3153147,BE103153147,25,F,1
3156518,BE103156518,34,F,1
3158478,BE103158478,26,F,1
3158840,BE103158840,11,M,5
3175159,BE103175159,58,M,2
3176610,BE103176610,65,F,2
3176717,BE103176717,61,F,2
3177046,BE103177046,37,F,1
3177561,BE103177561,9,M,5
3178343,BE103178343,48,M,1
3188446,BE103188446,28,F,1
3191149,BE103191149,53,M,1
3192158,BE103192158,73,M,1
3192933,BE103192933,70,M,1
3194141,BE103194141,52,F,3
3209918,BE103209918,30,M,1
3222849,BE103222849,35,F,1
3261696,BE103261696,67,F,2
3261917,BE103261917,67,F,2
3262575,BE103262575,54,F,3
3271329,BE103271329,48,M,1
3278391,BE103278391,1,F,6
3285691,BE103285691,74,M,2
3285840,BE103285840,68,F,2
3286217,BE103286217,62,F,2
3287075,BE103287075,51,F,3
3306379,BE103306379,82,M,2
3314428,BE103314428,98,M,2
3321264,BE103321264,32,F,1
3349833,BE103349833,71,F,2
3349908,BE103349908,77,M,2
3360192,BE103360192,26,M,4
3366354,BE103366354,51,F,1
3383819,BE103383819,26,M,1
3389528,BE103389528,28,M,1
3403328,BE103403328,90,M,2
3405262,BE103405262,30,M,6
3405822,BE103405822,26,F,5
3409379,BE103409379,76,F,2
3417600,BE103417600,35,F,1
3440297,BE103440297,56,F,1
3443764,BE103443764,6,M,5
3447904,BE103447904,46,M,1
3452328,BE103452328,53,F,1
3452661,BE103452661,44,M,1
3454232,BE103454232,28,F,1
3461962,BE103461962,36,M,1
3479273,BE103479273,50,F,1
3492312,BE103492312,42,M,1
3498557,BE103498557,3,M,5
3543257,BE103543257,54,F,3
3552182,BE103552182,54,M,2
3559462,BE103559462,5,M,5
3565380,BE103565380,35,M,1
3568069,BE103568069,5,M,5
3592572,BE103592572,55,M,1
3592587,BE103592587,15,M,5
3600997,BE103600997,47,M,1
3616717,BE103616717,14,M,5
3617502,BE103617502,59,F,4
3617919,BE103617919,20,F,5
3641608,BE103641608,66,M,3
3653290,BE103653290,38,F,1
3656524,BE103656524,57,M,3
3659315,BE103659315,53,M,1
3670252,BE103670252,32,M,1
3672115,BE103672115,22,M,5
3678543,BE103678543,43,F,1
3684105,BE103684105,62,M,2
3693141,BE103693141,73,F,2
3698527,BE103698527,22,F,5
3701809,BE103701809,46,M,1
3705487,BE103705487,60,F,3
3708529,BE103708529,4,F,5
3710727,BE103710727,30,M,1
3711138,BE103711138,46,F,1
3711160,BE103711160,51,M,1
3711420,BE103711420,24,F,4
3713264,BE103713264,67,F,3
3713388,BE103713388,69,F,2
3716103,BE103716103,13,F,5
3724372,BE103724372,52,M,1
3728439,BE103728439,46,F,1
3742581,BE103742581,44,F,1
3743793,BE103743793,22,M,4
3749075,BE103749075,80,F,2
3749554,BE103749554,66,F,3
3755097,BE103755097,38,M,1
3755308,BE103755308,46,M,1
3761748,BE103761748,38,F,1
3774443,BE103774443,4,F,5
3796634,BE103796634,10,M,5
3813745,BE103813745,2,M,6
3817674,BE103817674,38,F,3
3817909,BE103817909,41,F,6
3827763,BE103827763,51,M,1
3844137,BE103844137,65,F,2
3852407,BE103852407,1,F,6
3856731,BE103856731,53,F,1
3861293,BE103861293,66,M,2
3867873,BE103867873,39,F,3
3868567,BE103868567,78,M,2
3873150,BE103873150,61,F,2
3891882,BE103891882,81,F,3
3901707,BE103901707,39,M,1
3909844,BE103909844,55,M,1
3911242,BE103911242,60,F,4
3926144,BE103926144,33,F,1
3928850,BE103928850,51,M,1
3929209,BE103929209,15,M,5
3952926,BE103952926,55,F,3
3961256,BE103961256,32,F,1
3975623,BE103975623,51,F,1
3975791,BE103975791,71,F,3
3978209,BE103978209,6,F,5
3985396,BE103985396,30,M,1
3997672,BE103997672,58,M,6
4000867,BE104000867,26,M,1
4021567,BE104021567,9,M,5
4051902,BE104051902,56,M,1
4053017,BE104053017,47,F,1
4058627,BE104058627,76,F,2
4058645,BE104058645,66,M,2
4064443,BE104064443,76,M,2
4067149,BE104067149,49,F,6
4074247,BE104074247,22,F,5
4085324,BE104085324,46,F,1
4089770,BE104089770,34,F,1
4090509,BE104090509,62,F,1
4092845,BE104092845,69,M,2
4093333,BE104093333,58,F,3
4093829,BE104093829,59,M,1
4141393,BE104141393,61,F,3
4161960,BE104161960,20,F,5
4162133,BE104162133,68,F,2
4172777,BE104172777,51,F,1
4173139,BE104173139,49,F,1
4175452,BE104175452,25,F,1
4178308,BE104178308,27,M,1
4194523,BE104194523,43,M,1
4194910,BE104194910,44,F,1
4196925,BE104196925,48,M,1
4220567,BE104220567,38,F,1
4222522,BE104222522,44,F,1
4234719,BE104234719,12,F,5
4243116,BE104243116,45,F,1
4244577,BE104244577,56,F,6
4246556,BE104246556,28,F,1
4262670,BE104262670,39,F,1
4285360,BE104285360,24,M,1
4285381,BE104285381,41,F,1
4302707,BE104302707,1,F,6
4305587,BE104305587,52,F,1
4313220,BE104313220,50,M,1
4334570,BE104334570,67,F,3
4334918,BE104334918,45,M,6
4346251,BE104346251,44,F,3
4357358,BE104357358,58,M,1
4357510,BE104357510,76,M,2
4379030,BE104379030,42,F,1
4391072,BE104391072,60,F,1
4403237,BE104403237,38,M,1
4409560,BE104409560,46,M,1
4438950,BE104438950,47,F,1
4444873,BE104444873,7,M,5
4445256,BE104445256,2,M,6
4461402,BE104461402,9,F,5
4462935,BE104462935,4,F,5
4483848,BE104483848,41,M,1
4484589,BE104484589,9,M,5
4486321,BE104486321,40,F,1
4499418,BE104499418,31,M,1
4499439,BE104499439,72,F,3
4502847,BE104502847,78,M,2
4505271,BE104505271,54,F,2
4509087,BE104509087,54,F,1
4521734,BE104521734,11,F,5
4532312,BE104532312,35,F,1
4540195,BE104540195,2,M,6
4551510,BE104551510,5,F,5
4554507,BE104554507,52,F,1
4569762,BE104569762,31,F,1
4586567,BE104586567,4,F,5
4595062,BE104595062,86,F,3
4606621,BE104606621,24,F,5
4616715,BE104616715,33,F,4
4617094,BE104617094,43,M,1
4617311,BE104617311,50,F,2
4618059,BE104618059,47,F,1
4638353,BE104638353,48,M,1
4639161,BE104639161,2,M,6
4639429,BE104639429,15,M,5
4669508,BE104669508,52,M,1
4676144,BE104676144,49,F,4
4705007,BE104705007,48,F,1
4711311,BE104711311,4,M,5
4716380,BE104716380,37,M,1
4720660,BE104720660,42,M,1
4728249,BE104728249,53,F,3
4729195,BE104729195,13,M,5
4743670,BE104743670,6,M,5
4750266,BE104750266,44,F,1
4753169,BE104753169,4,M,5
4782379,BE104782379,21,F,1
4793480,BE104793480,5,M,5
4806027,BE104806027,27,M,1
4816847,BE104816847,52,F,1
4817465,BE104817465,52,M,1
4833090,BE104833090,32,M,1
4836233,BE104836233,19,F,5
4838694,BE104838694,42,F,1
4840251,BE104840251,3,M,5
4843541,BE104843541,39,F,1
4845825,BE104845825,18,F,5
4846378,BE104846378,42,M,1
4857793,BE104857793,10,M,5
4864945,BE104864945,24,M,1
4871943,BE104871943,66,M,2
4879585,BE104879585,45,F,1
4894218,BE104894218,31,F,1
4907408,BE104907408,30,M,1
4911026,BE104911026,27,M,1
4913890,BE104913890,42,M,1
4915783,BE104915783,72,F,3
4931520,BE104931520,24,F,1
4936507,BE104936507,52,F,1
4951329,BE104951329,64,M,2
4952554,BE104952554,35,M,1
4953118,BE104953118,39,F,3
4967080,BE104967080,35,F,1
4975486,BE104975486,9,M,5
4990864,BE104990864,50,M,1
4991183,BE104991183,57,M,1
4994836,BE104994836,3,M,5
5006446,BE105006446,25,F,1
5049412,BE105049412,49,F,1
5070434,BE105070434,28,F,1
5074156,BE105074156,33,M,1
5091442,BE105091442,39,F,1
5096497,BE105096497,54,F,6
5098134,BE105098134,65,F,2
5098293,BE105098293,55,F,1
5102184,BE105102184,49,F,1
5108446,BE105108446,13,F,5
5110937,BE105110937,32,M,1
5111669,BE105111669,21,M,5
5114307,BE105114307,24,M,1
5119020,BE105119020,62,M,2
5152618,BE105152618,38,M,1
5154543,BE105154543,74,M,2
5154753,BE105154753,2,M,5
5155936,BE105155936,31,F,1
5157498,BE105157498,3,M,5
5181851,BE105181851,52,F,1
5182677,BE105182677,25,F,1
5182799,BE105182799,70,M,2
5189270,BE105189270,29,F,6
5207333,BE105207333,46,M,1
5226792,BE105226792,1,M,6
5244741,BE105244741,47,M,1
5253047,BE105253047,50,M,1
5270801,BE105270801,56,F,6
5271000,BE105271000,39,F,1
5271452,BE105271452,20,F,5
5271890,BE105271890,37,F,1
5273501,BE105273501,40,F,1
5308051,BE105308051,91,F,3
5309905,BE105309905,38,F,1
5340241,BE105340241,29,F,1
5348125,BE105348125,43,M,1
5349202,BE105349202,34,F,1
5349454,BE105349454,48,F,6
5358022,BE105358022,28,M,1
5358714,BE105358714,72,M,2
5366992,BE105366992,1,M,3
5367053,BE105367053,58,M,1
5367330,BE105367330,78,M,2
5403329,BE105403329,42,M,1
5404257,BE105404257,48,M,1
5404441,BE105404441,48,F,1
5407093,BE105407093,45,M,1
5424886,BE105424886,6,F,5
5446695,BE105446695,67,M,2
5462716,BE105462716,55,F,1
5468401,BE105468401,50,F,3
5473142,BE105473142,8,F,5
5480252,BE105480252,89,F,3
5481403,BE105481403,3,M,5
5494820,BE105494820,7,F,5
5495337,BE105495337,44,F,3
5515170,BE105515170,44,M,1
5535741,BE105535741,42,M,1
5558259,BE105558259,35,M,1
5558533,BE105558533,34,F,1
5587872,BE105587872,79,M,1
5597416,BE105597416,50,M,1
5607742,BE105607742,16,F,5
5618131,BE105618131,12,F,5
5620378,BE105620378,53,F,1
5636551,BE105636551,1,F,6
5664923,BE105664923,13,F,5
5665091,BE105665091,13,F,5
5673990,BE105673990,39,F,1
5679660,BE105679660,63,F,3
5684000,BE105684000,44,M,1
5691053,BE105691053,5,F,5
5695043,BE105695043,28,F,1
5705895,BE105705895,32,M,1
5723971,BE105723971,48,M,1
5726606,BE105726606,58,M,1
5746002,BE105746002,5,M,5
5747334,BE105747334,16,M,5
5748805,BE105748805,0,F,3
5748877,BE105748877,0,F,6
5752470,BE105752470,40,F,1
5753668,BE105753668,26,F,1
5785327,BE105785327,10,F,5
5785341,BE105785341,62,M,2
5786292,BE105786292,64,M,2
5786399,BE105786399,62,F,3
5789826,BE105789826,27,M,1
5821391,BE105821391,1,F,6
5852650,BE105852650,52,M,1
5857750,BE105857750,48,M,1
5860652,BE105860652,29,F,1
5861875,BE105861875,72,M,2
5870563,BE105870563,27,F,1
5895916,BE105895916,25,F,1
5897132,BE105897132,39,F,4
5901440,BE105901440,35,F,1
5903671,BE105903671,48,M,1
5915679,BE105915679,54,F,6
5929359,BE105929359,21,M,5
5932735,BE105932735,7,F,5
5935155,BE105935155,48,F,1
5955402,BE105955402,58,F,3
5963352,BE105963352,27,M,1
5971683,BE105971683,47,F,1
5974557,BE105974557,45,F,1
6048491,BE106048491,43,M,1
6069630,BE106069630,6,M,5
6077570,BE106077570,34,F,1
6079019,BE106079019,50,M,1
6092089,BE106092089,28,M,1
6115053,BE106115053,35,M,1
6158928,BE106158928,2,M,6
6159040,BE106159040,7,F,5
6163839,BE106163839,34,F,1
6192757,BE106192757,43,M,1
6193419,BE106193419,41,F,1
6199813,BE106199813,29,F,1
6234373,BE106234373,23,F,1
6279604,BE106279604,25,M,1
6279626,BE106279626,44,F,1
6283488,BE106283488,19,M,5
6284017,BE106284017,59,F,3
6284990,BE106284990,72,M,2
6285265,BE106285265,60,M,1
6285840,BE106285840,7,M,5
6292826,BE106292826,29,F,1
6299603,BE106299603,44,F,1
6304415,BE106304415,2,F,5
6306251,BE106306251,41,F,1
6335540,BE106335540,17,F,5
6338578,BE106338578,53,F,6
6358395,BE106358395,23,F,1
6366653,BE106366653,9,M,5
6438468,BE106438468,24,F,1
6438620,BE106438620,40,F,1
6439809,BE106439809,75,M,2
6465951,BE106465951,10,M,5
6489487,BE106489487,12,F,5
6492336,BE106492336,64,F,3
6592267,BE106592267,29,M,1
6592486,BE106592486,53,F,1
6592504,BE106592504,47,F,1
6632546,BE106632546,43,M,1
6642915,BE106642915,43,M,1
6695171,BE106695171,67,M,2
6704736,BE106704736,89,M,2
6731743,BE106731743,63,F,1
6734505,BE106734505,63,M,2
6752318,BE106752318,36,M,1
6759309,BE106759309,69,F,3
6760513,BE106760513,26,M,1
6761279,BE106761279,46,F,1
6796492,BE106796492,8,F,5
6796651,BE106796651,68,F,2
6818092,BE106818092,48,F,1
6818542,BE106818542,57,F,1
6818740,BE106818740,58,F,2
6820378,BE106820378,25,F,1
6840799,BE106840799,61,M,2
6862280,BE106862280,39,F,3
6864569,BE106864569,11,M,5
6901629,BE106901629,21,F,5
6908246,BE106908246,45,F,6
6965578,BE106965578,32,M,1
6965675,BE106965675,19,M,5
6965873,BE106965873,61,M,1
6966340,BE106966340,30,F,1
6966410,BE106966410,68,F,2
6966829,BE106966829,22,F,4
7015799,BE107015799,30,M,1
7032876,BE107032876,70,M,2
7067882,BE107067882,86,F,3
7069067,BE107069067,40,M,1
7070376,BE107070376,33,M,1
7087305,BE107087305,34,M,1
7161366,BE107161366,59,M,1
7161837,BE107161837,87,M,2
7161896,BE107161896,49,M,1
7183937,BE107183937,1,M,6
7191206,BE107191206,10,M,5
7245447,BE107245447,79,F,3
7265939,BE107265939,49,F,1
7294229,BE107294229,14,F,5
7294292,BE107294292,60,F,4
7294380,BE107294380,17,F,5
7294812,BE107294812,64,M,2
7338997,BE107338997,58,F,3
7351294,BE107351294,53,M,1
7352355,BE107352355,85,M,2
7420251,BE107420251,66,M,2
7421430,BE107421430,70,M,2
7422038,BE107422038,62,M,2
7422588,BE107422588,22,F,6
7489794,BE107489794,57,F,1
7491448,BE107491448,4,F,5
7532256,BE107532256,90,F,2
7565179,BE107565179,62,F,2
7623665,BE107623665,77,F,2
7624182,BE107624182,46,M,1
7624687,BE107624687,9,F,5
7625188,BE107625188,29,M,1
7680740,BE107680740,40,F,1
7722616,BE107722616,52,M,1
7724618,BE107724618,77,M,2
7736599,BE107736599,27,F,1
7736875,BE107736875,51,F,1
7811854,BE107811854,48,M,1
7843888,BE107843888,59,F,2
7844540,BE107844540,38,F,3
7845418,BE107845418,53,M,1
7845855,BE107845855,10,M,5
7846067,BE107846067,4,F,5
7846749,BE107846749,49,F,1
7898389,BE107898389,66,M,2
7922980,BE107922980,71,M,2
7923490,BE107923490,43,F,1
7950413,BE107950413,41,F,1
7951027,BE107951027,34,F,1
8016595,BE108016595,45,F,6
8017619,BE108017619,67,M,2
8018367,BE108018367,74,M,2
8044326,BE108044326,48,M,1
8044770,BE108044770,73,F,3
8055198,BE108055198,13,M,5
8055377,BE108055377,37,M,1
8055428,BE108055428,67,F,3
8055767,BE108055767,66,M,2
8077522,BE108077522,87,M,2
8102468,BE108102468,53,F,1
8103174,BE108103174,13,F,5
8160008,BE108160008,59,F,4
8161120,BE108161120,37,M,1
8181000,BE108181000,69,F,2
8208974,BE108208974,61,M,1
8209562,BE108209562,5,F,5
8229997,BE108229997,22,F,1
8298677,BE108298677,14,F,5
8299893,BE108299893,57,M,1
8315709,BE108315709,82,F,2
8316414,BE108316414,33,M,1
8317397,BE108317397,18,F,5
8346602,BE108346602,37,M,1
8400205,BE108400205,55,F,1
8402063,BE108402063,49,M,1
8403256,BE108403256,79,F,2
8440613,BE108440613,47,M,1
8449475,BE108449475,61,M,2
8461091,BE108461091,63,F,3
8488612,BE108488612,93,F,3
8489113,BE108489113,18,F,5
8515431,BE108515431,42,M,1
8515660,BE108515660,54,M,6
8515733,BE108515733,0,F,3
8516512,BE108516512,63,F,2
8542093,BE108542093,20,M,5
8543604,BE108543604,44,M,1
8568368,BE108568368,74,M,2
8569137,BE108569137,43,M,1
8570522,BE108570522,43,F,1
8575565,BE108575565,53,F,3
8608814,BE108608814,46,F,1
8609779,BE108609779,27,F,1
8610401,BE108610401,61,F,2
8635606,BE108635606,17,M,5
8635828,BE108635828,62,F,3
8693882,BE108693882,46,M,1
8695231,BE108695231,49,F,1
8701228,BE108701228,71,M,2
8719788,BE108719788,34,F,4
8755421,BE108755421,70,M,2
8760984,BE108760984,97,M,2
8784121,BE108784121,23,M,1
8828139,BE108828139,60,M,4
8828186,BE108828186,45,F,1
8829693,BE108829693,62,F,2
8829858,BE108829858,61,M,2
8830723,BE108830723,49,F,1
8831475,BE108831475,25,F,1
8831514,BE108831514,39,F,1
8882803,BE108882803,37,M,1
8883438,BE108883438,80,F,3
8884116,BE108884116,47,M,1
8969813,BE108969813,80,M,2
8970490,BE108970490,28,M,1
8998075,BE108998075,31,F,3
9055226,BE109055226,53,M,6
9069607,BE109069607,29,F,1
9176171,BE109176171,73,F,2
9176977,BE109176977,59,M,1
9177362,BE109177362,75,M,2
9210969,BE109210969,1,F,6
9270598,BE109270598,71,F,2
9271558,BE109271558,76,F,2
9281646,BE109281646,22,F,5
9300060,BE109300060,57,M,6
9300424,BE109300424,32,F,1
9300840,BE109300840,12,F,5
9301862,BE109301862,46,F,1
9325991,BE109325991,50,F,1
9328991,BE109328991,47,M,1
9352387,BE109352387,30,M,1
9396997,BE109396997,9,F,5
9414513,BE109414513,46,F,1
9414738,BE109414738,17,M,5
9446511,BE109446511,58,F,1
9481488,BE109481488,63,M,1
9482381,BE109482381,22,F,1
9482541,BE109482541,11,M,5
9488081,BE109488081,20,F,5
9516633,BE109516633,66,F,3
9570992,BE109570992,51,F,1
9610469,BE109610469,41,F,1
9654280,BE109654280,72,F,3
9657132,BE109657132,4,M,5
9657217,BE109657217,15,F,5
9697796,BE109697796,66,F,2
9699696,BE109699696,54,F,3
9700344,BE109700344,53,F,6
9751232,BE109751232,63,M,1
9761715,BE109761715,74,M,2
9762717,BE109762717,57,F,4
9763344,BE109763344,60,F,2
9764887,BE109764887,78,M,2
9779176,BE109779176,98,M,2
9781711,BE109781711,65,F,3
9810627,BE109810627,16,F,5
9810969,BE109810969,16,M,5
9811032,BE109811032,57,F,3
9827133,BE109827133,46,F,1
9827649,BE109827649,23,F,5
9829555,BE109829555,42,F,1
9829873,BE109829873,41,F,1
9859541,BE109859541,85,M,2
9902808,BE109902808,55,F,6
9904052,BE109904052,72,M,2
9904803,BE109904803,63,M,2
9905062,BE109905062,81,F,2
9905475,BE109905475,35,F,1
9935617,BE109935617,39,F,1
9947755,BE109947755,59,F,1
10000749,BE1010000749,90,F,3
10000756,BE1010000756,95,F,2
10000771,BE1010000771,91,F,2
10000801,BE1010000801,99,F,2
10000802,BE1010000802,87,M,2
10000897,BE1010000897,85,F,3
10000967,BE1010000967,80,F,2
10001019,BE1010001019,97,F,3
10001030,BE1010001030,93,M,2
10001071,BE1010001071,81,F,2
10001143,BE1010001143,92,F,2
10001148,BE1010001148,99,F,3
10001166,BE1010001166,98,F,2
10001183,BE1010001183,93,M,2
10001195,BE1010001195,88,M,2
10001197,BE1010001197,94,F,3
10001212,BE1010001212,97,M,2
10001223,BE1010001223,79,M,2
10001240,BE1010001240,99,F,3
10001253,BE1010001253,89,M,2
10001283,BE1010001283,98,M,2
10001366,BE1010001366,98,F,2
10001386,BE1010001386,90,F,3
10001413,BE1010001413,97,M,2
10001426,BE1010001426,98,F,3
10001440,BE1010001440,94,M,2
10001451,BE1010001451,88,M,2
10001473,BE1010001473,87,M,2
10001479,BE1010001479,31,F,1
10001512,BE1010001512,3,F,5
10001585,BE1010001585,7,F,5
10001637,BE1010001637,28,M,1
10001703,BE1010001703,37,M,1
10001846,BE1010001846,0,M,3
10001889,BE1010001889,3,M,5
10001922,BE1010001922,30,F,1
10001951,BE1010001951,1,M,6
10001979,BE1010001979,7,M,5
10001982,BE1010001982,0,M,3
10001986,BE1010001986,7,M,5
10002008,BE1010002008,4,F,5
10002026,BE1010002026,6,F,5
10002036,BE1010002036,2,F,5
10002038,BE1010002038,36,F,1
10002074,BE1010002074,8,F,5
10002095,BE1010002095,40,M,1
10002144,BE1010002144,4,M,5
10002180,BE1010002180,6,F,5
10002185,BE1010002185,5,M,5
10002190,BE1010002190,4,F,5
10002198,BE1010002198,6,M,5
10002199,BE1010002199,31,M,1
10002201,BE1010002201,5,F,5
10002209,BE1010002209,31,M,1
10002225,BE1010002225,36,M,1
10002236,BE1010002236,35,M,1
10002240,BE1010002240,35,F,1
10002353,BE1010002353,29,F,1
10002406,BE1010002406,5,M,5
10002407,BE1010002407,36,M,1
10002477,BE1010002477,36,M,1
10002484,BE1010002484,36,F,1
10002494,BE1010002494,33,M,1
10002507,BE1010002507,33,M,1
10002522,BE1010002522,28,M,5
10002528,BE1010002528,2,M,6
10002534,BE1010002534,1,F,6
10002546,BE1010002546,37,M,1
10002551,BE1010002551,37,F,1
10002563,BE1010002563,37,F,3
10002566,BE1010002566,11,M,5
10002584,BE1010002584,1,M,6
10002593,BE1010002593,32,M,4
10002596,BE1010002596,1,F,3
10002616,BE1010002616,32,F,1
10002732,BE1010002732,31,M,1
10002788,BE1010002788,4,M,5
10002816,BE1010002816,25,F,1
10002833,BE1010002833,34,M,1
10002841,BE1010002841,3,F,5
10002864,BE1010002864,37,M,1
10002867,BE1010002867,33,M,1
10002877,BE1010002877,2,M,6
10002880,BE1010002880,3,M,5
10002934,BE1010002934,31,F,1
10002937,BE1010002937,0,M,6
10002946,BE1010002946,4,M,5
10002984,BE1010002984,32,F,6
10003022,BE1010003022,1,M,6
10003047,BE1010003047,7,M,5
10003058,BE1010003058,31,M,1
10003066,BE1010003066,75,F,2
10003146,BE1010003146,6,F,5
10003185,BE1010003185,4,M,5
